Read input CSV with 308 rows, columns are: allele, peptide
allele,peptide,mhcflurry_prediction,mhcflurry_prediction_low,mhcflurry_prediction_high
HLA-A*02:01,AQSGTPPT,12223.8623047,8515.04738922,17193.1759593
HLA-A*02:01,AQSGTPPTG,17382.3945312,14868.43123,21297.65137
HLA-A*02:01,AQSGTPPTGL,7882.98339844,6822.84374464,9898.22352931
HLA-A*02:01,AQSGTPPTGLY,33741.0273438,30510.1712784,36015.7463763
HLA-A*02:01,AQSGTPPTGLYG,28359.8417969,24889.5520435,32464.69308
HLA-A*02:01,AQSGTPPTGLYGH,31607.2910156,26489.3595641,35761.7310829
HLA-A*02:01,AQSGTPPTGLYGHS,31676.1523438,28233.5877436,34845.163107
HLA-A*02:01,ATGTWVSGA,4370.13964844,3213.53708865,7088.31360569
HLA-A*02:01,ATGTWVSGAQ,20181.5527344,15717.9724944,24055.8703819
HLA-A*02:01,ATGTWVSGAQS,32920.8710938,28646.1688873,36276.4384446
HLA-A*02:01,ATGTWVSGAQSG,33814.1171875,29460.2825995,38176.8066236
HLA-A*02:01,ATGTWVSGAQSGT,32823.59375,29280.2789388,36198.0441861
HLA-A*02:01,ATGTWVSGAQSGTP,36630.5703125,34190.5953811,38352.8336234
HLA-A*02:01,ATGTWVSGV,680.029846191,390.273510076,1763.2195683
HLA-A*02:01,ATGTWVSGVQ,20145.6503906,15740.7105045,23905.5386493
HLA-A*02:01,ATGTWVSGVQS,33177.9648438,29970.1916561,36521.1369766
HLA-A*02:01,ATGTWVSGVQSG,30227.4980469,25594.6790939,36009.2724936
HLA-A*02:01,ATGTWVSGVQSGT,32709.6621094,29242.9225274,36127.5999294
HLA-A*02:01,ATGTWVSGVQSGTP,36515.9570312,34066.5584424,38150.843638
HLA-A*02:01,AYESSEDC,37547.4765625,36433.281497,38812.4267864
HLA-A*02:01,AYESSEDCP,31991.2460938,29425.8113238,34168.8194175
HLA-A*02:01,AYESSEDCPE,33310.5195312,30966.4877424,35390.9968977
HLA-A*02:01,AYESSEDCPEA,25415.1992188,21551.6865035,31184.782917
HLA-A*02:01,AYESSEDCPEAA,32154.6738281,28205.6756146,35793.9817043
HLA-A*02:01,AYESSEDCPEAAS,37035.5039062,35228.7384653,38434.8773467
HLA-A*02:01,AYESSEDCPEAASS,36817.0976562,35538.5732743,38453.5261074
HLA-A*02:01,ENYWRKAY,36483.234375,32105.6369483,39293.2497707
HLA-A*02:01,ENYWRKAYE,30620.8457031,24175.2190587,33671.5093569
HLA-A*02:01,ENYWRKAYES,29713.6601562,28229.0834421,33309.2092383
HLA-A*02:01,ENYWRKAYESS,34468.3164062,31370.2249914,37205.8833835
HLA-A*02:01,ENYWRKAYESSE,37571.5820312,34580.683332,39586.6475796
HLA-A*02:01,ENYWRKAYESSED,36455.7617188,30183.2308861,39262.3448625
HLA-A*02:01,ENYWRKAYESSEDC,36115.9765625,29819.9775654,39145.590274
HLA-A*02:01,ENYWRKSY,36488.59375,32122.5610918,39294.0891741
HLA-A*02:01,ENYWRKSYE,30749.8417969,24346.0078654,33816.3110237
HLA-A*02:01,ENYWRKSYES,28692.2226562,26186.4736961,32852.3295754
HLA-A*02:01,ENYWRKSYESS,34629.9648438,31706.7024405,37264.4574888
HLA-A*02:01,ENYWRKSYESSE,37615.609375,34544.9084075,39408.214174
HLA-A*02:01,ENYWRKSYESSED,37860.6640625,34824.1409139,39238.5960258
HLA-A*02:01,ENYWRKSYESSEDC,37555.4609375,34471.1452641,39108.1453879
HLA-A*02:01,EYQLATGTWVSGA,29393.4882812,24683.6255252,33099.3667632
HLA-A*02:01,EYQLATGTWVSGAQ,38537.3945312,37296.0162888,39477.0842684
HLA-A*02:01,EYQLATGTWVSGV,21370.171875,18108.0705858,25585.4834395
HLA-A*02:01,EYQLATGTWVSGVQ,38538.5703125,37325.4802127,39402.7650735
HLA-A*02:01,FSSENYWRKA,4996.54736328,2056.3870917,8382.77519158
HLA-A*02:01,FSSENYWRKAY,4693.31591797,2707.78567317,8039.15807327
HLA-A*02:01,FSSENYWRKAYE,5655.26757812,2814.49242188,9055.72306568
HLA-A*02:01,FSSENYWRKAYES,12464.2783203,6539.27722658,16148.6562852
HLA-A*02:01,FSSENYWRKAYESS,22777.7792969,16910.842097,26342.1603837
HLA-A*02:01,FSSENYWRKS,8127.23779297,3283.36029709,13505.4465532
HLA-A*02:01,FSSENYWRKSY,4700.11962891,2717.56779463,8042.79254534
HLA-A*02:01,FSSENYWRKSYE,5741.80029297,2872.68372165,9176.06893903
HLA-A*02:01,FSSENYWRKSYES,10155.2988281,5138.13752638,13491.1137975
HLA-A*02:01,FSSENYWRKSYESS,22495.6699219,15869.8810166,26397.9647766
HLA-A*02:01,GAQSGTPP,35476.8945312,33333.7735156,38244.2322616
HLA-A*02:01,GAQSGTPPT,13446.3125,10305.1453468,16111.0665272
HLA-A*02:01,GAQSGTPPTG,26168.6269531,21240.0906731,29812.9597579
HLA-A*02:01,GAQSGTPPTGL,22941.6972656,20163.0361152,28163.524086
HLA-A*02:01,GAQSGTPPTGLY,32536.9296875,28335.9948926,34873.2811724
HLA-A*02:01,GAQSGTPPTGLYG,34320.2890625,32355.5761537,36935.9740379
HLA-A*02:01,GAQSGTPPTGLYGH,36831.5664062,34459.9813347,39137.2063724
HLA-A*02:01,GSFSSENYWRKA,21570.0507812,13441.63798,29191.1896696
HLA-A*02:01,GSFSSENYWRKAY,28235.9726562,22928.2856786,33396.9530823
HLA-A*02:01,GSFSSENYWRKAYE,28098.8125,22872.2665403,33203.7826163
HLA-A*02:01,GSFSSENYWRKS,24812.2304688,18618.1831072,30730.750151
HLA-A*02:01,GSFSSENYWRKSY,28239.6347656,22913.6335039,33413.1908799
HLA-A*02:01,GSFSSENYWRKSYE,28206.125,22955.8207075,33363.850467
HLA-A*02:01,GTWVSGAQ,24169.2949219,18835.3103609,31077.1625755
HLA-A*02:01,GTWVSGAQS,13915.28125,8816.8367528,21849.4579134
HLA-A*02:01,GTWVSGAQSG,17113.8359375,11322.4180542,23668.2379506
HLA-A*02:01,GTWVSGAQSGT,19449.2832031,12808.4492112,27677.1506339
HLA-A*02:01,GTWVSGAQSGTP,22031.7382812,14450.0273427,31881.3624501
HLA-A*02:01,GTWVSGAQSGTPP,23216.1796875,17976.4119297,31211.4340171
HLA-A*02:01,GTWVSGAQSGTPPT,16585.875,11876.86172,25589.3816714
HLA-A*02:01,GTWVSGVQ,24127.4042969,18900.9940561,31132.7083596
HLA-A*02:01,GTWVSGVQS,14480.6464844,9275.54638379,21958.5750245
HLA-A*02:01,GTWVSGVQSG,12559.6894531,8744.5851442,17464.5536539
HLA-A*02:01,GTWVSGVQSGT,15909.5830078,9658.15530889,26960.6070641
HLA-A*02:01,GTWVSGVQSGTP,20888.3945312,13834.0862314,31126.5051552
HLA-A*02:01,GTWVSGVQSGTPP,20793.1523438,13257.5286673,29934.0018097
HLA-A*02:01,GTWVSGVQSGTPPT,14443.4765625,8977.60714452,23574.6737012
HLA-A*02:01,GVQSGTPP,34393.5507812,31462.0906783,38018.1624043
HLA-A*02:01,GVQSGTPPT,7253.25732422,5389.31247182,10669.3778853
HLA-A*02:01,GVQSGTPPTG,21864.7070312,17926.7486663,25708.7087507
HLA-A*02:01,GVQSGTPPTGL,15830.2470703,11329.0115509,19925.1299244
HLA-A*02:01,GVQSGTPPTGLY,31310.4589844,26168.0348617,34231.5869829
HLA-A*02:01,GVQSGTPPTGLYG,32810.2617188,30626.8010642,36112.1041378
HLA-A*02:01,GVQSGTPPTGLYGH,35913.5078125,32695.9786383,38840.4327382
HLA-A*02:01,KAYESSED,25984.4765625,19868.5471514,31070.2341023
HLA-A*02:01,KAYESSEDC,13778.5664062,9737.45468831,17497.6736605
HLA-A*02:01,KAYESSEDCP,17035.3496094,14747.0743303,20540.7286399
HLA-A*02:01,KAYESSEDCPE,25611.2597656,19821.3523579,31694.3239625
HLA-A*02:01,KAYESSEDCPEA,3928.73388672,2001.32261613,7864.91169493
HLA-A*02:01,KAYESSEDCPEAA,11622.4179688,6786.19747778,20960.7972399
HLA-A*02:01,KAYESSEDCPEAAS,22781.8203125,17931.8192851,28060.4302941
HLA-A*02:01,KSYESSED,23327.0351562,18906.9577967,27044.7650619
HLA-A*02:01,KSYESSEDC,12958.9199219,8622.87342992,18003.4119933
HLA-A*02:01,KSYESSEDCP,15090.3095703,12048.0509885,19212.2903059
HLA-A*02:01,KSYESSEDCPE,23024.9667969,18847.9621816,27453.8153332
HLA-A*02:01,KSYESSEDCPEA,6192.40673828,3535.13043566,10921.2158168
HLA-A*02:01,KSYESSEDCPEAA,14416.1328125,9172.76735035,23338.249025
HLA-A*02:01,KSYESSEDCPEAAS,21615.2304688,17782.3178558,25490.7606657
HLA-A*02:01,LATGTWVSGA,11495.4726562,7051.81665738,17121.8797151
HLA-A*02:01,LATGTWVSGAQ,29103.2871094,24768.2274926,34253.7867831
HLA-A*02:01,LATGTWVSGAQS,27741.1699219,20853.2969854,34319.0063055
HLA-A*02:01,LATGTWVSGAQSG,34170.1875,30592.6701103,36058.6390355
HLA-A*02:01,LATGTWVSGAQSGT,34306.5429688,31604.1069054,35609.0337926
HLA-A*02:01,LATGTWVSGV,3477.76538086,1478.79579447,8004.10190098
HLA-A*02:01,LATGTWVSGVQ,29034.8691406,24492.1047757,34345.456741
HLA-A*02:01,LATGTWVSGVQS,28398.5722656,21736.0101148,34496.3410712
HLA-A*02:01,LATGTWVSGVQSG,30981.3515625,27846.9031908,34376.0055897
HLA-A*02:01,LATGTWVSGVQSGT,34303.828125,31536.3931264,35682.8071449
HLA-A*02:01,LEYQLATGTWVSGA,32465.2675781,29510.7459813,35258.089041
HLA-A*02:01,LEYQLATGTWVSGV,25598.5371094,22470.8851651,28534.8186938
HLA-A*02:01,NYWRKAYE,35920.390625,33346.8002446,38001.5911545
HLA-A*02:01,NYWRKAYES,23377.4335938,18060.6261377,27922.518819
HLA-A*02:01,NYWRKAYESS,28510.0742188,23911.4030394,33133.32869
HLA-A*02:01,NYWRKAYESSE,33643.21875,30600.0261239,37590.3321434
HLA-A*02:01,NYWRKAYESSED,36030.4882812,33381.2118364,37821.3704486
HLA-A*02:01,NYWRKAYESSEDC,36947.8046875,34922.7272365,38825.7746283
HLA-A*02:01,NYWRKAYESSEDCP,37607.3945312,36204.0772589,39205.6533272
HLA-A*02:01,NYWRKSYE,36019.4609375,33428.1151396,38134.8582677
HLA-A*02:01,NYWRKSYES,22576.609375,16988.5835348,27475.8157133
HLA-A*02:01,NYWRKSYESS,29701.3925781,25103.4514096,33340.0064422
HLA-A*02:01,NYWRKSYESSE,36328.25,33054.0043667,38783.9342999
HLA-A*02:01,NYWRKSYESSED,37036.7070312,35726.0732901,38821.7629445
HLA-A*02:01,NYWRKSYESSEDC,36389.3476562,34459.1153897,38432.4637332
HLA-A*02:01,NYWRKSYESSEDCP,37071.515625,35711.257165,38572.3804564
HLA-A*02:01,QLATGTWVSGA,1940.01086426,972.443757194,3659.89941827
HLA-A*02:01,QLATGTWVSGAQ,19795.3769531,14636.4427906,28404.0075831
HLA-A*02:01,QLATGTWVSGAQS,14262.1826172,8318.27923364,24013.319522
HLA-A*02:01,QLATGTWVSGAQSG,17116.0234375,10989.8522361,26333.9744477
HLA-A*02:01,QLATGTWVSGV,245.703521729,112.695332559,407.261647622
HLA-A*02:01,QLATGTWVSGVQ,19697.6777344,14692.7031905,27699.5267868
HLA-A*02:01,QLATGTWVSGVQS,13875.2880859,7445.35034093,21756.2946818
HLA-A*02:01,QLATGTWVSGVQSG,13323.6933594,7070.78043093,25681.9738123
HLA-A*02:01,RGSFSSENYWRKA,31198.1484375,26925.2189552,35805.277316
HLA-A*02:01,RGSFSSENYWRKAY,35374.7304688,32811.1731023,37504.0783399
HLA-A*02:01,RGSFSSENYWRKS,33695.0429688,30785.0778465,37076.751963
HLA-A*02:01,RGSFSSENYWRKSY,35382.1835938,32826.0037754,37506.2887857
HLA-A*02:01,RKAYESSE,36957.0039062,35410.0074628,38364.5653766
HLA-A*02:01,RKAYESSED,29665.4707031,26396.4757137,33543.7328851
HLA-A*02:01,RKAYESSEDC,30114.3632812,27698.5295884,32771.8824162
HLA-A*02:01,RKAYESSEDCP,37350.65625,35546.8134293,38644.9417835
HLA-A*02:01,RKAYESSEDCPE,37094.5351562,35399.6400206,38560.6403155
HLA-A*02:01,RKAYESSEDCPEA,24456.8535156,21358.4099451,30051.3794226
HLA-A*02:01,RKAYESSEDCPEAA,33258.4335938,30224.0626169,36083.1231441
HLA-A*02:01,RKSYESSE,37379.125,36327.399382,38873.3466017
HLA-A*02:01,RKSYESSED,30242.4628906,27023.071175,34084.2074636
HLA-A*02:01,RKSYESSEDC,30642.9609375,28208.8471883,33473.7978199
HLA-A*02:01,RKSYESSEDCP,37760.1679688,36448.3015908,38636.2947984
HLA-A*02:01,RKSYESSEDCPE,37495.6601562,36292.8683011,39089.0393638
HLA-A*02:01,RKSYESSEDCPEA,25002.9960938,20462.4890431,30813.3238195
HLA-A*02:01,RKSYESSEDCPEAA,33735.75,30491.0635982,36502.0259336
HLA-A*02:01,RRGSFSSENYWRKA,36180.890625,33346.2453045,39092.7860037
HLA-A*02:01,RRGSFSSENYWRKS,37693.1367188,35723.3374904,39913.7260668
HLA-A*02:01,SENYWRKA,34963.5351562,31258.6003807,37989.4613686
HLA-A*02:01,SENYWRKAY,25435.1777344,19358.4449934,28658.1603903
HLA-A*02:01,SENYWRKAYE,30875.5214844,26733.5908498,34824.5643553
HLA-A*02:01,SENYWRKAYES,34317.4414062,32272.0101899,37843.1264731
HLA-A*02:01,SENYWRKAYESS,35060.1992188,33056.3119129,37935.6931037
HLA-A*02:01,SENYWRKAYESSE,39216.5742188,38093.5790393,40597.5780473
HLA-A*02:01,SENYWRKAYESSED,39256.609375,38178.2302123,40604.9620254
HLA-A*02:01,SENYWRKS,37104.125,35639.4523451,39068.2119851
HLA-A*02:01,SENYWRKSY,25443.4765625,19377.7849202,28645.9271141
HLA-A*02:01,SENYWRKSYE,31003.1640625,26873.3136917,34919.2753534
HLA-A*02:01,SENYWRKSYES,33428.6835938,30681.0883648,37566.8942503
HLA-A*02:01,SENYWRKSYESS,34766.8945312,33292.5282529,35801.3950611
HLA-A*02:01,SENYWRKSYESSE,39249.9492188,38141.639728,40415.6902861
HLA-A*02:01,SENYWRKSYESSED,39274.7734375,38222.6867078,40434.1105218
HLA-A*02:01,SFSSENYWRKA,31775.2714844,25053.6817925,36695.6204459
HLA-A*02:01,SFSSENYWRKAY,36236.1054688,32689.852084,38533.016173
HLA-A*02:01,SFSSENYWRKAYE,21831.890625,15449.1056896,28885.8779609
HLA-A*02:01,SFSSENYWRKAYES,13637.5488281,10038.9879508,19451.4216678
HLA-A*02:01,SFSSENYWRKS,34304.484375,29378.0972577,38117.0619889
HLA-A*02:01,SFSSENYWRKSY,36239.4570312,32677.9623628,38538.8356499
HLA-A*02:01,SFSSENYWRKSYE,21982.3769531,15607.7099092,29004.7132912
HLA-A*02:01,SFSSENYWRKSYES,11774.3105469,8521.25458725,17546.0612255
HLA-A*02:01,SGAQSGTP,36580.7890625,35043.6330351,38255.5550145
HLA-A*02:01,SGAQSGTPP,32202.2382812,29446.8995322,34858.2901376
HLA-A*02:01,SGAQSGTPPT,24673.6015625,21627.074951,28450.5615021
HLA-A*02:01,SGAQSGTPPTG,34471.1445312,31234.2353063,36780.1008531
HLA-A*02:01,SGAQSGTPPTGL,27365.7285156,23678.3917909,33399.8212814
HLA-A*02:01,SGAQSGTPPTGLY,36638.5,35236.3069445,38571.2989782
HLA-A*02:01,SGAQSGTPPTGLYG,34649.8828125,33373.5866801,35589.5073873
HLA-A*02:01,SGVQSGTP,34637.7265625,32662.40893,36690.9943099
HLA-A*02:01,SGVQSGTPP,29796.6347656,26045.4170604,33419.550206
HLA-A*02:01,SGVQSGTPPT,21918.2148438,17675.486671,26652.027826
HLA-A*02:01,SGVQSGTPPTG,32259.3183594,27984.5773038,35433.9058376
HLA-A*02:01,SGVQSGTPPTGL,24827.734375,20374.0417584,31436.0559736
HLA-A*02:01,SGVQSGTPPTGLY,34694.2578125,32931.1039597,37095.7782958
HLA-A*02:01,SGVQSGTPPTGLYG,32532.3984375,31004.0115981,33766.7617612
HLA-A*02:01,SSENYWRKA,13418.4121094,6852.72365687,19590.8759368
HLA-A*02:01,SSENYWRKAY,19942.265625,11791.8611875,25563.927612
HLA-A*02:01,SSENYWRKAYE,33616.6015625,30945.3102471,35194.7046165
HLA-A*02:01,SSENYWRKAYES,28773.5527344,25944.2219927,31908.3289015
HLA-A*02:01,SSENYWRKAYESS,30334.6367188,27141.6448911,33148.1563984
HLA-A*02:01,SSENYWRKAYESSE,34318.9453125,31710.1890584,35816.2673696
HLA-A*02:01,SSENYWRKS,16388.6582031,10510.448247,22502.6710318
HLA-A*02:01,SSENYWRKSY,19950.5585938,11808.2467101,25565.8658685
HLA-A*02:01,SSENYWRKSYE,33730.8945312,31063.5293567,35320.6983381
HLA-A*02:01,SSENYWRKSYES,27679.7011719,23826.8917554,31543.323271
HLA-A*02:01,SSENYWRKSYESS,29937.8847656,27509.6344227,32451.3409096
HLA-A*02:01,SSENYWRKSYESSE,33936.3320312,31061.2750149,35738.2336092
HLA-A*02:01,SYESSEDC,37549.3398438,36432.00636,38782.6379187
HLA-A*02:01,SYESSEDCP,31989.5976562,29391.9648098,34208.008527
HLA-A*02:01,SYESSEDCPE,33310.4882812,30962.2221469,35421.4757922
HLA-A*02:01,SYESSEDCPEA,25446.703125,21519.4553234,31205.3163094
HLA-A*02:01,SYESSEDCPEAA,32163.4140625,28188.1079525,35788.4794361
HLA-A*02:01,SYESSEDCPEAAS,37038.296875,35255.4142949,38403.856462
HLA-A*02:01,SYESSEDCPEAASS,36819.0664062,35521.5566744,38440.780984
HLA-A*02:01,TGTWVSGA,27508.9628906,23311.451307,31475.8237741
HLA-A*02:01,TGTWVSGAQ,25253.2753906,21641.8981934,29762.6026091
HLA-A*02:01,TGTWVSGAQS,28645.4707031,26583.706008,31414.3506298
HLA-A*02:01,TGTWVSGAQSG,37129.46875,34790.9923073,38343.407289
HLA-A*02:01,TGTWVSGAQSGT,36045.4023438,33245.0431687,38975.3722006
HLA-A*02:01,TGTWVSGAQSGTP,37108.5820312,34258.2591814,39560.0351637
HLA-A*02:01,TGTWVSGAQSGTPP,37115.203125,34215.0004145,39463.2848208
HLA-A*02:01,TGTWVSGV,18172.4335938,14407.2090637,23700.4675627
HLA-A*02:01,TGTWVSGVQ,25196.5253906,21436.7926608,29759.3372286
HLA-A*02:01,TGTWVSGVQS,29236.5097656,26665.651196,32003.8381382
HLA-A*02:01,TGTWVSGVQSG,33565.7617188,31683.9127942,35351.1301765
HLA-A*02:01,TGTWVSGVQSGT,35866.1679688,32875.4689719,38688.3662439
HLA-A*02:01,TGTWVSGVQSGTP,35894.671875,32044.5625723,39371.5318465
HLA-A*02:01,TGTWVSGVQSGTPP,36813.0976562,33063.9528689,39804.5728189
HLA-A*02:01,TWVSGAQS,34748.5976562,31847.9502926,37591.6926351
HLA-A*02:01,TWVSGAQSG,26804.1484375,21434.4029233,31758.8890319
HLA-A*02:01,TWVSGAQSGT,27901.6113281,23764.1383645,31790.0127043
HLA-A*02:01,TWVSGAQSGTP,34356.671875,30486.2921824,37828.3865722
HLA-A*02:01,TWVSGAQSGTPP,33826.1484375,30849.4734727,37412.1563627
HLA-A*02:01,TWVSGAQSGTPPT,30255.7617188,26739.8850657,32832.4830501
HLA-A*02:01,TWVSGAQSGTPPTG,37433.5664062,35438.2264601,39145.2524195
HLA-A*02:01,TWVSGVQS,35248.3125,32622.6819296,37660.737188
HLA-A*02:01,TWVSGVQSG,22739.7519531,18060.1765981,27939.1575725
HLA-A*02:01,TWVSGVQSGT,19289.5195312,13169.1339959,24446.5335476
HLA-A*02:01,TWVSGVQSGTP,32909.7265625,27417.2516692,36090.6996417
HLA-A*02:01,TWVSGVQSGTPP,32040.1289062,27049.4905504,35611.319335
HLA-A*02:01,TWVSGVQSGTPPT,29865.765625,26274.4800534,32746.1176209
HLA-A*02:01,TWVSGVQSGTPPTG,37178.8632812,35095.0225061,38604.4946743
HLA-A*02:01,VQSGTPPT,12203.8857422,7793.788608,17703.4393894
HLA-A*02:01,VQSGTPPTG,17476.9589844,15392.041268,21139.2809395
HLA-A*02:01,VQSGTPPTGL,7924.41699219,6833.39220857,10641.243214
HLA-A*02:01,VQSGTPPTGLY,33649.5078125,30381.3851457,35980.2093206
HLA-A*02:01,VQSGTPPTGLYG,28443.2929688,24872.9420197,32266.5508141
HLA-A*02:01,VQSGTPPTGLYGH,31482.8046875,26822.4063262,35871.2682576
HLA-A*02:01,VQSGTPPTGLYGHS,31610.96875,27337.0426299,35060.0344995
HLA-A*02:01,VSGAQSGT,30999.1738281,29013.0280114,33942.1735616
HLA-A*02:01,VSGAQSGTP,25700.2714844,22570.5165784,29338.2517152
HLA-A*02:01,VSGAQSGTPP,27598.1464844,21312.5618313,32667.5692192
HLA-A*02:01,VSGAQSGTPPT,22327.9941406,19754.9306048,25534.1140569
HLA-A*02:01,VSGAQSGTPPTG,30525.1835938,27774.887913,32506.7386572
HLA-A*02:01,VSGAQSGTPPTGL,22539.5195312,17787.7564431,28250.5317508
HLA-A*02:01,VSGAQSGTPPTGLY,32495.9648438,29701.6753027,34771.3076369
HLA-A*02:01,VSGVQSGT,31335.0136719,28562.7337499,33949.9593863
HLA-A*02:01,VSGVQSGTP,26067.2265625,21823.1666947,29273.3727891
HLA-A*02:01,VSGVQSGTPP,27898.9238281,21174.6004739,32778.6667344
HLA-A*02:01,VSGVQSGTPPT,23039.8378906,19532.1863132,27311.7605973
HLA-A*02:01,VSGVQSGTPPTG,30785.6386719,27396.3393309,33452.4735988
HLA-A*02:01,VSGVQSGTPPTGL,23346.2421875,18271.1186739,29710.1147349
HLA-A*02:01,VSGVQSGTPPTGLY,32777.2695312,30145.1996938,35050.4514217
HLA-A*02:01,WRKAYESS,34969.671875,32811.5282591,37579.5019483
HLA-A*02:01,WRKAYESSE,24251.7675781,19334.2246244,27997.6335338
HLA-A*02:01,WRKAYESSED,29739.515625,26886.7706827,32906.8677995
HLA-A*02:01,WRKAYESSEDC,37580.71875,36454.2929363,38775.0639244
HLA-A*02:01,WRKAYESSEDCP,38272.2265625,37047.5974399,40113.5083012
HLA-A*02:01,WRKAYESSEDCPE,38716.09375,37585.1451605,39874.3770645
HLA-A*02:01,WRKAYESSEDCPEA,31954.6855469,27668.3215993,35582.2821247
HLA-A*02:01,WRKSYESS,35274.875,33475.0284781,37752.9908979
HLA-A*02:01,WRKSYESSE,24933.65625,19801.869992,28549.3609026
HLA-A*02:01,WRKSYESSED,30347.6582031,27451.8530626,33905.0980585
HLA-A*02:01,WRKSYESSEDC,37788.2304688,36769.668906,38874.4087437
HLA-A*02:01,WRKSYESSEDCP,38478.3046875,37367.3952963,40183.4021182
HLA-A*02:01,WRKSYESSEDCPE,38891.203125,37671.5099602,40107.0895885
HLA-A*02:01,WRKSYESSEDCPEA,32217.2910156,27948.7447043,35672.5588481
HLA-A*02:01,WVSGAQSG,32487.1015625,29073.8763281,35382.4503663
HLA-A*02:01,WVSGAQSGT,13922.1035156,11952.5726699,18008.0225652
HLA-A*02:01,WVSGAQSGTP,30694.4667969,27441.8697778,34331.7583164
HLA-A*02:01,WVSGAQSGTPP,33586.15625,29360.9417724,36415.3989115
HLA-A*02:01,WVSGAQSGTPPT,14130.4931641,9356.9766167,19661.1078629
HLA-A*02:01,WVSGAQSGTPPTG,29803.796875,26810.5578041,32252.0467189
HLA-A*02:01,WVSGAQSGTPPTGL,23731.2441406,20074.8493395,27267.1728245
HLA-A*02:01,WVSGVQSG,27330.0507812,22467.5873446,33121.4292882
HLA-A*02:01,WVSGVQSGT,11165.1738281,8660.73879653,14319.1455416
HLA-A*02:01,WVSGVQSGTP,27037.0058594,22414.4871843,30587.373767
HLA-A*02:01,WVSGVQSGTPP,33089.8984375,28730.7012375,36313.6515789
HLA-A*02:01,WVSGVQSGTPPT,13294.9951172,8265.15498823,19432.9098414
HLA-A*02:01,WVSGVQSGTPPTG,29494.6894531,26955.257003,31708.2672888
HLA-A*02:01,WVSGVQSGTPPTGL,23401.9257812,20262.8847476,26574.5795162
HLA-A*02:01,YQLATGTWVSGA,1221.2890625,460.738536051,2658.01915757
HLA-A*02:01,YQLATGTWVSGAQ,12670.7324219,7197.31547388,16352.0636345
HLA-A*02:01,YQLATGTWVSGAQS,9183.58203125,5309.79477148,13914.480228
HLA-A*02:01,YQLATGTWVSGV,145.568267822,69.5214621842,347.57879661
HLA-A*02:01,YQLATGTWVSGVQ,12561.9169922,7278.40973998,16356.6209949
HLA-A*02:01,YQLATGTWVSGVQS,9872.88085938,5618.77625605,13542.0108306
HLA-A*02:01,YWRKAYES,33339.09375,30812.4922105,36123.9755542
HLA-A*02:01,YWRKAYESS,26662.0410156,24736.2077431,28858.5277669
HLA-A*02:01,YWRKAYESSE,29022.9082031,23927.6527676,31797.3836989
HLA-A*02:01,YWRKAYESSED,37953.8242188,35866.400575,39253.5821917
HLA-A*02:01,YWRKAYESSEDC,37928.9648438,35865.1093646,39633.9290465
HLA-A*02:01,YWRKAYESSEDCP,38471.703125,36856.1791112,40050.0644202
HLA-A*02:01,YWRKAYESSEDCPE,38755.7695312,37269.1950261,40337.5459425
HLA-A*02:01,YWRKSYES,32632.484375,29320.6399398,35806.7797967
HLA-A*02:01,YWRKSYESS,29370.1757812,26679.2802575,32234.5840092
HLA-A*02:01,YWRKSYESSE,31355.6992188,27726.3351529,33021.6935839
HLA-A*02:01,YWRKSYESSED,36822.9960938,34718.8359534,38477.0401356
HLA-A*02:01,YWRKSYESSEDC,36812.640625,34615.9803083,38519.276728
HLA-A*02:01,YWRKSYESSEDCP,38422.8242188,36814.6390925,39973.9993945
HLA-A*02:01,YWRKSYESSEDCPE,38707.7109375,37244.0464101,40263.0448235
